create table t (
a int,
b int without system versioning
) with system versioning;
insert into t values(1, 2);
insert into t values(3, 4);
select * from t;
a	b
1	2
3	4
select a from t for system_time as of timestamp now(6);
a
1
3
select a, b, b+0 from t for system_time as of timestamp now(6);
a	b	b+0
1	2	2
3	4	4
Warnings:
Note	4110	Non-versioned field `b` in historical query
Note	4110	Non-versioned field `b` in historical query
select * from t for system_time as of timestamp now(6);
a	b
1	2
3	4
Warnings:
Note	4110	Non-versioned field `b` in historical query
select count(*) from t for system_time as of timestamp now(6) group by b;
count(*)
1
1
Warnings:
Note	4110	Non-versioned field `b` in historical query
select * from t for system_time as of timestamp now(6) order by b asc;
a	b
1	2
3	4
Warnings:
Note	4110	Non-versioned field `b` in historical query
Note	4110	Non-versioned field `b` in historical query
select * from t for system_time as of timestamp now(6) order by b desc;
a	b
3	4
1	2
Warnings:
Note	4110	Non-versioned field `b` in historical query
Note	4110	Non-versioned field `b` in historical query
select * from t for system_time as of timestamp now(6) group by a having a=2;
a	b
Warnings:
Note	4110	Non-versioned field `b` in historical query
select * from t for system_time as of timestamp now(6) group by b having b=2;
a	b
1	2
Warnings:
Note	4110	Non-versioned field `b` in historical query
Note	4110	Non-versioned field `b` in historical query
Note	4110	Non-versioned field `b` in historical query
select a from t for system_time as of timestamp now(6) where b=2;
a
1
Warnings:
Note	4110	Non-versioned field `b` in historical query
select a from t for system_time as of timestamp now(6) where b=NULL;
a
Warnings:
Note	4110	Non-versioned field `b` in historical query
select a from t for system_time as of timestamp now(6) where b is NULL;
a
Warnings:
Note	4110	Non-versioned field `b` in historical query
select count(*), b from t for system_time as of timestamp now(6) group by b having b=NULL;
count(*)	b
Warnings:
Note	4110	Non-versioned field `b` in historical query
Note	4110	Non-versioned field `b` in historical query
Note	4110	Non-versioned field `b` in historical query
select a, b from t;
a	b
1	2
3	4
create or replace table t (
a int,
b int not null without system versioning
) with system versioning;
insert into t values (1, 2), (3, 4);
select * from t for system_time as of timestamp now(6);
a	b
1	2
3	4
Warnings:
Note	4110	Non-versioned field `b` in historical query
select * from t for system_time as of timestamp now(6) where b is NULL;
a	b
Warnings:
Note	4110	Non-versioned field `b` in historical query
drop table t;
